"Carimbo de data/hora","Qual é a sua geração/faixa etária?","Qual é o seu gênero?","Qual é o seu grau de instrução?","Qual a sua faixa de renda?","Em qual Estado/Município você reside?","De que forma os programas de formação e os planos de carreira estruturados por uma empresa impactam a percepção de estabilidade e a satisfação profissional de seus colaboradores?","Você observou que o uso de plataformas digitais e o trabalho remoto aumentaram suas responsabilidades ou dificuldades? Descreva como isso influenciou sua rotina","Durante e após a pandemia, como o trabalho remoto e as adaptações digitais afetaram seu equilíbrio entre vida pessoal e profissional? ","Como o aumento da cobrança por resultados no trabalho remoto afetou sua saúde, rotina e relações com a equipe?","Como a falta de autonomia ou o excesso de controle no trabalho remoto impactam sua produtividade e saúde mental?","Como o monitoramento digital da sua empresa tem aumentado seu estresse ou afetado sua privacidade?","Como a pressão por adaptação a novas tecnologias tem afetado seu trabalho?","Como as desigualdades por gênero e/ou renda somadas a falta de garantias trabalhistas, como em alguns casos licença saúde, afetam sua saúde mental e condições de trabalho?"
"2025/06/09 3:04:58 PM GMT-3","Geração Y (millennials) - De 27 a 40 anos","Masculino","Pós-graduação incompleta","De 2 a 4 salários mínimos","São Paulo/Carapicuíba","Ao meu ver é uma forma de nos preparar um pouco para poder acompanhar a cobrança que eles mesmos impõem","Com todas essas tecnologias eu percebi que o meu tempo diminuiu e logo estava trabalhando 24/7","Minha vida pessoal perdeu muito espaço para a vida profissional","Meu stress chegou num ponto onde eu não suportava mais ouvir as notificações do celular pois já sabia que era sobre alguma bomba no serviço","Eles nos tratam como se fossemos crianças, não temos um minuto de paz e ainda querem rendimentos sempre acima dos anteriores.","Tem me incomodado muito. Principalmente o fato de ter que pedir permissão para tudo, até para ir ao banheiro. ","Tenho medo de ser substituído se eu não me adaptar em tempos curtíssimos.","Todos nós recebíamos o mesmo salário e tínhamos os mesmos direitos."
"2025/06/15 1:40:12 PM GMT-3","Geração Y (millennials) - De 27 a 40 anos","Masculino","Graduação completa","Prefiro não informar","Rio de janeiro","Os programas e planos fornecidos pelas empresas demonstram uma preocupação com a capacitação do funcionario, além de prover meios de crescimento e desenvolvimento. Isso pode estimular os funcionários ","Nao acredito que tenha dificultado, talvez diria que facilitou. Porém digo isso baseado no contexto de atividades e de trabalho de TI","Acredito que a pandemia acelerou o processo de adoção de home office nas empresas. O lado bom é que os funcionários nao gastam mais tanto tempo em deslocamento, porém as vezes acabamos trabalhando mais do que deveríamos por conta da falta de percepção de distinção de local de trabalho e casa.","Não senti aumento de cobrança por conta do trabalho remoto","Não enfrentei problemas de falta de autonomia ou microgerenciamento por parte da chefia","Não vejo uma política clara de monitoramento digital onde trabalho, nao me sinto pressionado","Não sinto grandes impactos, mas tenho consciência da importância de manter-se atualizado","Não tenho opinião sobre"
"2025/06/15 2:29:08 PM GMT-3","Geração Y (millennials) - De 27 a 40 anos","Masculino","Pós-graduação incompleta","De 4 a 6 salários mínimos","São Paulo/SP","Programas de formação e planos de carreira estruturados impactam positivamente a percepção de estabilidade e a satisfação profissional dos colaboradores, pois demonstram o comprometimento da empresa com o desenvolvimento e crescimento interno. Ao oferecer oportunidades claras de ascensão e capacitação contínua, a organização transmite segurança, reduz a incerteza e fortalece o senso de pertencimento. Além disso, esses investimentos aumentam o engajamento, o sentimento de valorização e o reconhecimento, contribuindo para a retenção de talentos e para a construção de um ambiente de trabalho mais produtivo e satisfatório.","Sim, o uso de plataformas digitais e o trabalho remoto aumentaram minhas responsabilidades, exigindo mais organização, disciplina e agilidade para lidar com múltiplas demandas ao mesmo tempo. Além disso, surgiram desafios relacionados à adaptação a novas ferramentas, à gestão do tempo e ao equilíbrio entre vida pessoal e profissional, o que tornou minha rotina mais intensa, porém também mais flexível e dinâmica.","Durante e após a pandemia, o trabalho remoto e as adaptações digitais afetaram meu equilíbrio entre vida pessoal e profissional, tornando mais difícil estabelecer limites claros entre os dois, já que as atividades se misturaram no mesmo ambiente. Apesar dos benefícios da flexibilidade, surgiram desafios como a sobrecarga de tarefas e a dificuldade em desconectar do trabalho, exigindo mais disciplina para organizar a rotina e preservar momentos de descanso.","O aumento da cobrança por resultados no trabalho remoto afetou minha saúde e rotina, gerando mais estresse, ansiedade e sobrecarga, devido à pressão constante por produtividade e entregas rápidas. Isso também impactou as relações com a equipe, tornando a comunicação mais impessoal e, muitas vezes, dificultando o trabalho colaborativo, o que exigiu mais empenho para manter o engajamento, a organização e o equilíbrio emocional no dia a dia.","A falta de autonomia ou o excesso de controle no trabalho remoto impactam negativamente minha produtividade e saúde mental, gerando sensação de desconfiança, estresse e desmotivação. Esse controle excessivo limita a liberdade para organizar as tarefas de acordo com meu ritmo, aumenta a pressão e dificulta a concentração, o que, além de reduzir a eficiência, também provoca desgaste emocional e sensação de esgotamento.","O monitoramento digital da empresa tem aumentado meu estresse, pois gera a sensação constante de vigilância e pressão por desempenho, além de afetar minha privacidade ao reduzir a liberdade e a autonomia durante a jornada de trabalho. Essa prática interfere no conforto e na confiança, causando desconforto psicológico e dificultando a concentração, o que impacta diretamente meu bem-estar e minha produtividade.","A pressão por adaptação a novas tecnologias tem afetado meu trabalho ao exigir uma constante atualização e aprendizado, o que, embora traga desenvolvimento profissional, também gera ansiedade, insegurança e sobrecarga. A necessidade de se adequar rapidamente a novas ferramentas e processos, muitas vezes sem o devido suporte, impacta a rotina, aumenta o estresse e pode comprometer a produtividade, principalmente quando as mudanças são frequentes e pouco planejadas.","As desigualdades por gênero e/ou renda, somadas à falta de garantias trabalhistas, como licença saúde, afetam diretamente minha saúde mental e condições de trabalho, pois geram insegurança, sobrecarga e sensação de desvalorização. A falta de proteção social agrava o estresse, especialmente em situações de adoecimento ou necessidades pessoais, além de intensificar as desigualdades, já que pessoas em condições mais vulneráveis acabam acumulando mais responsabilidades, menos reconhecimento e maiores dificuldades para conciliar trabalho, saúde e vida pessoal, comprometendo tanto o bem-estar quanto o desempenho profissional."
"2025/06/16 12:57:02 AM GMT-3","Geração Y (millennials) - De 27 a 40 anos","Masculino","Graduação completa","De 4 a 6 salários mínimos","São Paulo/SP","No meu caso, não houve um plano de carreira complexo. O fato de confiarem em mim, me darem tempo pra estudar e oferecerem cursos já passou uma sensação de apoio. Mesmo sem algo estruturado, isso me deu motivação e segurança pra seguir evoluindo e aplicando o que aprendi.","Sim, aumentaram um pouco as responsabilidades, principalmente em organização e comunicação. No remoto, ficou mais difícil puxar conversas naturais do dia a dia e separar bem trabalho e vida pessoal. Com o tempo me adaptei, mas ainda é preciso criar ""desculpas"" para sair de casa pra manter o equilíbrio mental.","Na pandemia foi mais díficil, mas hoje consigo manter bem esse equilíbrio. Com o tempo, aprendi a organizar melhor meu dia e alternar entre o pessoal e o trabalho com mais facilidade, sem que um atrapalhe o outro.","No trabalho remoto, mantenho boa relação com a equipe e liberdade, mas quase sempre sinto que não estou fazendo o suficiente, algo que não acontece no presencial.","Como tenho autonomia, consigo trabalhar melhor e sem tanta pressão, o que ajuda minha produtividade e saúde mental. Mas se tivesse excesso de controle, com certeza ficaria mais estressado e menos focado.","A empresa não tem monitoramento digital durante o trabalho remoto","Não afetam tanto. Sim, novas tecnologias exigem aprendizado, mas elas só valem a pena se realmente facilitarem o trabalho e se fizerem sentido para o modelo de negócio da empresa.","Não enfrento e nem vejo casos assim no meu ambiente de trabalho, então esses fatores não têm impacto na minha saúde mental ou nas minhas condições de trabalho."
"2025/06/16 3:08:47 PM GMT-3","Geração X - De 41 a 56 anos","Masculino","Pós-graduação completa","Acima de 10 salários mínimos","RJ","Programas de formação e planos de carreira estruturados fortalecem o senso de pertencimento e valorização profissional. Ao participar de formações como oficinas de requisitos e maratonas de dados, percebo um estímulo contínuo ao desenvolvimento técnico e à inovação, que refletem diretamente em minha motivação e sensação de estabilidade dentro da organização.","Sim. O trabalho remoto ampliou a autonomia, mas também aumentou o volume de responsabilidades — especialmente em iniciativas de projetos inovadoras em que participo ativamente, que exigem alto nível de coordenação técnica, análise de dados e comunicação assíncrona. A gestão de tempo se tornou mais desafiadora, exigindo disciplina para equilibrar reuniões, entregas e estudo contínuo.","O trabalho remoto trouxe um ganho significativo de qualidade de vida. A flexibilidade no modelo híbrido me permite estar mais presente em casa em parte dos dias da semana, o que é um privilégio. Além de fortalecer ainda mais meu vínculo com minha esposa, consigo acompanhar de perto meu filho. Levo-o à escola, cursos, aulas de teatro, inglês, natação e vôlei — e, acima de tudo, estou mais presente como pai. Essa convivência diária, mesmo que parcial, tem sido uma oportunidade valiosa para educá-lo, trocar experiências e fortalecer nossos laços de amor, carinho, amizade e paternidade. O modelo remoto não só preservou como aprofundou o equilíbrio entre minha vida pessoal e profissional.","A cobrança por entregas e a exigência de performance constante aumentaram. Embora a produtividade tenha crescido, isso gerou desgaste mental e necessidade de desenvolver estratégias para evitar burnout. Relações com a equipe exigiram mais empatia e comunicação transparente para lidar com pressões e prazos.","Como trabalho em projetos que demandam alta responsabilidade e entregas estratégicas, ter autonomia é essencial. O excesso de controle e microgerenciamento tende a gerar frustração e reduzir o engajamento. Em ambientes onde confiam na minha capacidade de entrega, a produtividade cresce naturalmente.","Felizmente, ainda que exista o uso de sistemas de acompanhamento e métricas, o foco tem sido mais em entregas do que em vigilância direta. Isso evita impactos maiores na privacidade, mas o simples conhecimento de que estamos sempre “visíveis” digitalmente já aumenta o nível de pressão.","Como alguém que atua diretamente com tecnologias emergentes como Machine Learning, APIs e SQL avançado em contexto de inovação regulatória, a adaptação é constante. Ainda que isso seja estimulante e faça parte do meu perfil, a velocidade das mudanças exige atualização contínua e pode gerar sobrecarga.","No meu caso específico, trabalho em uma empresa que oferece boas garantias. No entanto, observo que colegas em situações mais vulneráveis, especialmente terceirizados ou contratados por projetos, sofrem com instabilidade e falta de suporte. Isso acentua desigualdades e pode afetar o clima geral da equipe e a saúde coletiva no ambiente de trabalho."
"2025/06/17 6:48:07 PM GMT-3","Geração Z - De 12 a 26 anos","Masculino","Graduação completa","Prefiro não informar","São Paulo","Programas de formação e planos de carreira fornecem uma segurança maior para a empresa e para o profissional, pois esse tem uma perspectiva de almejar um cargo maior na empresa ao mesmo tempo que a empresa consegue reter bons talentos. Vejo com bons olhos a disponibilização desses programas.","A aumento de responsabilidade quase sempre é seguido de maior complexidade. Já minha rotina foi afetada positivamente, pois há uma maior disponibilidade de tempo e facilidade para acessar produtos que antes não eram acessíveis","Foi uma mudança positiva no equilíbrio, pois ao mesmo tempo que a adaptação aos meios digitais foram requeridas, um maior tempo para se dedicar a família e atividades pessoais foi adquirido ","A rotina teve que ser adaptada para o horário ao qual devo me dedicar ao trabalho remoto. Já as relações com a equipe é parcialmente prejudicada pelo falto de contato direto entre os profissionais. Contudo, o efeito foi positivo, pois há mais autonomia e disposição para cuidar da saúde.","Inexiste um controle ríspido sobre todo o trabalho remoto, sendo esse mais controlado e medido por nível de trabalho entregue. Mas, ainda assim existe uma certa pressão de prazo e responsabilidades;","O monitoramento digital se da através dos dispositivos e serviços disponibilizados pela empresa. Então não há efeito prático dentro da privacidade na vida pessoal.","Positivamente. Como profissional da área de tecnologia é essencial se manter atualizado com as mais novas e eficientes tecnologias.","Na atual empresa onde possuo contrato, há uma política rígida de igualdade salarial, sendo decidida por cargo e competências do colaborador."
"2025/06/25 4:57:21 AM GMT-3","Geração X - De 41 a 56 anos","Masculino","Pós-graduação completa","Prefiro não informar","SP/CARAPICUIBA","A motivação acredito que seja indivual de cada pessoa, ou seja, alguns tem grande vontande em apreender e com isso se tem alguma oportunidade e da prazer no que esta fazendo consegue criar sua propria carreira. ","Vejo que depende da area e de cada empresa. As empresas que criaram metodologia de controles e ferramentas para guiar o profissional nao tem dificuldade","Nao. Pois sempre fez parte do meu dia a dia essa formande trabalhar remotamente ","A cobrança sempre é grande, pois o contato em relacao aos demais sao invisiveis. Para nao abalar a saude precisa estar sempre separando o que é profissional do particular ","Nenhuma ","Como trabalho em um ambiente totalmente controlado separamos muito bem a privacidade do que é trabalho","Na verdade vejo como uma evolução. Senpre fico atento a essas mudancas ","Não vejo isso um problema. Desigualdade existem a toda vida, porem o ser humano tem oportunidade de ir melhorando isso. Alguns tem vontades de identificar e modificar essas desigualdades, porem outros não consegue. "
"2025/07/06 4:13:48 PM GMT-3","Geração Baby Boomers - Acima de 57 anos","Masculino","Graduação incompleta","Acima de 10 salários mínimos","SP/ São Paulo ","No meu caso muito pouco.","Aumenta meu tempo de trabalho e minhas responsabilidades. ","Durante a pandemia trabalhava em uma empresa 100% presencial. ","Aumento minha qualidade de vida,  tenho mais tempo para estudar e não perco tempo no deslocamento.","Nem sempre recebo um feedback a respeito da execução das minhas tarefas muitas vezes tenho que retrabalhar as minhas tarefas já executadas pois as informações mais importantes nao me foram informadas.","Indiferente","A IA tem mudado em muito a forma de trabalho acelerando o processo de produção de scripts e melhorando a revisão e a qualidade do serviço já executado.","No meu caso nao tem afetado. "
"2025/07/26 8:27:58 PM GMT-3","Geração Y (millennials) - De 27 a 40 anos","Masculino","Graduação incompleta","Prefiro não informar","SP/São Paulo","Não sei responder","Não, eu fazia as mesmas atividades que continuei fazendo, com aúnica diferença de estar em casa.","Prejudicaram, pois muitas vezes fui chamado para atender questões do trabalho fora do meu horário de expediente, algo que não ocorria antes da pandemia.","Aumentou o meu estresse e a dificuldade de dormir. Quanto as relações com a equipe, isso fez com que a gente se isolasse mais porque costumávamos sair para comer juntos quando estávamos presencialmente e conversar mais","Aumentando o estresse e a ansiedade","O monitoramento em si não é tão grande e não me importa tanto. O pior é ter que trabalhar além do horário, receber mensagem de cobrança o tempo todo e ter de assumir problemas que outras pessoas causaram.","Em nada. Para um profissional de TI isso é normal.","Não sei responder"
"2025/07/27 12:00:40 AM GMT-3","Geração X - De 41 a 56 anos","Masculino","Pós-graduação incompleta","Acima de 10 salários mínimos","SP/Rafard","*","Sim","Não ","Sim","Não ","Não ","Não ","*"
"2025/07/28 5:39:29 PM GMT-3","Geração X - De 41 a 56 anos","Masculino","Graduação completa","Até 1 salário mínimo","Carapicuiba SP","Impactam de forma positiva ","Com uso dessas plataformas aumentaram as responsabilidades e influenciaram de uma maneira mais eficaz e eficiente ","Na vida profissional melhorou a praticidade e na profissional facilidade com as adaptações e práticas nas tarefas ","Afetou os estresse juntamente com a ansiedade ","Ansiedade ","Sim ","Pouco de dificuldade devido as adaptações e inovações tecnológicas ","Não "
"2025/07/28 5:59:36 PM GMT-3","Geração X - De 41 a 56 anos","Feminino","Graduação completa","De 1 a 2 salários mínimos","São Paulo/Carapicuíba ","Provomem o desenvolvimento continuo, o reconhecimento , o engajamento e a motivação.","Enquanto mais a empresa te facilita mais ela  te cobra.","É trabalho escravo.","Me senti sobrecarregada.","Péssimo! Sem Liberdade para nada.","1000 por cento.","Quase fiquei doente Deus me livre.","É Péssimo, somos descontado o tempo todo! Uma tremenda falta de respeito!"
"2025/07/28 7:17:56 PM GMT-3","Geração Z - De 12 a 26 anos","Masculino","Graduação incompleta","De 4 a 6 salários mínimos","Carapicuíba/ São Paulo ","Programas de formação e planos de carreira estruturados aumentam a percepção de estabilidade e satisfação profissional, pois mostram oportunidades de crescimento, valorizam o colaborador, elevam a motivação e melhoram habilidades. Isso gera confiança, engajamento e um ambiente de trabalho mais positivo e produtivo.","O trabalho remoto e o uso de plataformas digitais aumentaram responsabilidades, exigiram mais organização e dificultaram separar vida pessoal e profissional, apesar de trazerem mais autonomia e economia de tempo.","O trabalho remoto e as adaptações digitais após a pandemia trouxeram flexibilidade, mas dificultaram o equilíbrio entre vida pessoal e profissional, aumentando as responsabilidades e exigindo mais organização.","Maior cobrança no trabalho remoto aumentou estresse, prejudicou a saúde, desorganizou a rotina e dificultou a convivência com a equipe.","A falta de autonomia gera desmotivação e queda na produtividade, enquanto o excesso de controle causa ansiedade e estresse, prejudicando a saúde mental.","O monitoramento digital excessivo aumenta o estresse ao gerar sensação de invasão de privacidade e constante vigilância, afetando negativamente o bem-estar no trabalho.","A pressão constante para aprender e dominar novas tecnologias no trabalho pode gerar estresse e ansiedade, especialmente quando as mudanças são rápidas e sem o devido suporte. Isso pode dificultar a execução das tarefas, causar sensação de insegurança e diminuir a produtividade. Além disso, a adaptação contínua pode afetar o bem-estar emocional, tornando o ambiente de trabalho mais desgastante.","As desigualdades por gênero e renda, somadas à falta de garantias trabalhistas como licença saúde, aumentam o estresse e a insegurança no trabalho. Isso pode causar sobrecarga emocional, medo de perder o emprego e dificuldades para cuidar da saúde física e mental. A ausência de suporte adequado piora a qualidade de vida e dificulta o equilíbrio entre trabalho e vida pessoal."
"2025/07/28 7:43:25 PM GMT-3","Geração X - De 41 a 56 anos","Masculino","Graduação incompleta","De 1 a 2 salários mínimos","São Paulo ","Bem gratificante, formar profissionais , dando oportunidades para o crescimento do colaborador ","Sim, durante a pandemia o trabalho remoto, mudou a rotina , executando tfabalgo home office, para desempenhar a funcao .","Foi uma mudanca de hábito, porque em casa tive que separar o pessoal do profissional , ","Nao chegou afetar a saude , mais ers bem corrido ","Ficou mais preocupante, porque nas duvidas rinha que ligar pra chefia e ","Mesmo depois do horario de trabalho, sempre outros colaboradores chamando , e tinha que resolver as questoes ","Nao chegou afetar porque ja executava o servico no mesmo sistema ","Cada pessoa tem seu espaço, seu trabalho,  sua capacitacao, porem ainda no pais onde mulheres, negros, nordestinos , e pessoas de outra opcao de sexcualidade acabam sendo desvalorizados , "
"2025/07/28 8:28:13 PM GMT-3","Geração X - De 41 a 56 anos","Feminino","Pós-graduação completa","De 2 a 4 salários mínimos","Carapicuíba ","Positiva ","Aumentaram as responsabilidades , mas facilitou bem o trabalho do dia a dia.","Não foi tão tranquila por causa das dificuldades com uso da plataforma. ","Conforme as dificuldades foram aparecendo, discutimos como fazermos nossos trabalhos a ficarem cada dia melhor. ","A falta de autonomia pode gerar estresse afetar a desmotivação e frustração . "," por motivos de segurança e produtividade, pode levar à perda de confiança na relação empregador-empregado e à sensação de falta de privacidade, especialmente quando envolve o rastreamento de atividades pessoais. ","pressão por adaptação a novas tecnologias no trabalho tem sido um desafio constante, exigindo aprendizado contínuo e desenvolvimento de novas habilidades","desigualdade de gênero, especialmente quando interseccional com raça ou classe social, pode levar à sobrecarga de trabalho, discriminação salarial, falta de reconhecimento e assédio moral ou sexual no ambiente de trabalho. Isso impacta diretamente na autoestima, bem-estar emocional e saúde mental. "
"2025/07/28 9:26:36 PM GMT-3","Geração X - De 41 a 56 anos","Feminino","Graduação completa","De 2 a 4 salários mínimos","Osasco-SP","Depende do plano de carreira pode ser um estímulo ao desenvolvimento do trabalho , incentiva o funcionário a cooperar e zelar pela empresa. As formações contribuem na especialização do funcionário para obter maior desempenho na função que exerce.","As  plataformas digitais  e trabalho remoto     podem ser ótimas ferramentas  aliadas ao trabalho desde que bem planejadas e depende da área de trabalho. Na Pandemia houve mais dificuldades devido ser a área  da educação,  pois o público a  ser alcançado não tinha acesso a tecnologia e conforme cada pessoa aprende com diferentes métodos,  nem todos conseguiram acompanhar os estudos. ","O trabalho remoto exige um ambiente adequado para desenvolver o trabalho e nem sempre o nosso lar oferece isso, por diversos fatores:barulho, pessoas ao redor,etc.","Não  afetou minha saúde,  mas causou certo estresse e cansaço mental por exigir resultados que não  podia se obter diante das incertezas , famílias afetados pela doença (Covid-19), essas não  tinham preparação ou condição psicológica no momento para auxiliar os filhos nas tarefas.","Depende  do tipo de trabalho remoto e local. "," O que causa estresse é  a falta de boas ferramentas ou estrutura para realização das tarefas, trabalhos solicitados.  O monitoramento não  causou nenhum problema,  apenas a falata de boas ferramentas e estrutura(falta de um note, local adequado para execução da tarefa,  internet e um programa eficiente no computador).","Programas de computador  quais não  temos conhecimento ou não  permitem ser abertos em qualquer dispositivo tem afetado o trabalho. ","Não  afeta a minha saúde  mental, mas a saúde  num todo,  porque até  mesmo para um simples repouso,  o corpo pede pausa."
"2025/07/29 8:12:19 PM GMT-3","Geração Y (millennials) - De 27 a 40 anos","Masculino","Pós-graduação completa","De 4 a 6 salários mínimos","SP/São Paulo ","Acredito que programas de formação e desenvolvimento profissional impactam muito pois estabelecem metas e processos de feedback para o desenvolvimento contínuo do profissional. No entanto, não necessariamente contribuem para uma percepção de estabilidade. Muitas empresas tem advogado que quem tem planos de carreira são os profissionais, e não as empresas. ","Aumentou a necessidade de se manter conectado (24x7)","Pioraram o equilíbrio entre vida pessoal e profissional durante alguns anos. Ainda não foi possível de recuperar dos efeitos dessas mudanças.","Contribuiu para episódios de piora da saúde mental.","Levaram ao esgotamento profissional (Burnout)","Tem deteriorado a qualidade de vida.","Tem gerado ansiedade.","Levam a casos de depressão e adoecimento psíquico."
"2025/07/30 8:12:14 AM GMT-3","Geração Baby Boomers - Acima de 57 anos","Masculino","Pós-graduação completa","Acima de 10 salários mínimos","São Paulo","num mundo em constante mudança, só a atualização consegue fazer com quem as pessoas estejam conectadas com esta cada vez mais frequente mudança e possam ser úteis nas funções que as empresas precisam ..... mas num mundo de cada vez mais ""hard skill´s"" absolutamente necessário trabalhar os ""soft´s"", na mesma velocidade e frequência .....","sem dúvida aumentou a eficácia e objetividade, o foco, mas perde-se a riqueza do encontro, do falar livre, da intuição .....","como sou mais velho, até pelo hábito, preciso das rotinas .....a pandemia foi um ponto muito fora da curva, nada comparável a nada .....","responsabilidade, presencial ou remota dá no mesmo ..... ","não se aplica, sou o chefe ..... quem Me cobra sou Eu mesmo, kkk","sendo responsável, tanto faz ..... mas acredito que melhores controles e monitoramento, dão bons feddbacks","pouco ou nada ..... só minha dificuldade em usar as novas tecnologias ..... nasci no analógico né !","não sei dizer"
"2025/07/30 2:17:39 PM GMT-3","Geração X - De 41 a 56 anos","Feminino","Ensino médio completo","Até 1 salário mínimo","Carapicuíba/São Paulo","Não impactou ","Sem problemas ","Não impactaram ","Não impactou ","Não impactou ","Sem estresses","Tecnologia só ajuda ","Não afetou "
"2025/07/30 3:11:27 PM GMT-3","Geração X - De 41 a 56 anos","Masculino","Ensino médio completo","Prefiro não informar","São Paulo/Carapicuíba ","A valorização do funcionário alavanca o crescimento de ambos.","Atrapalha por motivo de isolamento. ","A realidade do trabalho se fundiu com a vida pessoal.","Gerou muito desconforto.","Sentimentos de incapacidade. ","Aumento de estresse e incapacidade da realização de uma bom trabalho. ","Esse tipo de pressão gera desgastes emocionalas vezes irreversíveis. ","Afeta a capacidade e a dignidade humana. "
"2025/07/30 4:46:28 PM GMT-3","Geração Z - De 12 a 26 anos","Masculino","Graduação incompleta","De 2 a 4 salários mínimos","Sp","Os programas de formação e os planos de carreira estruturados impactam positivamente a percepção de estabilidade e a satisfação profissional, pois oferecem clareza sobre o futuro, promovem desenvolvimento contínuo e aumentam o engajamento.","O uso de plataformas digitais e o trabalho remoto não aumentaram significativamente minhas responsabilidades, pois já tinha familiaridade com ferramentas como Microsoft Teams, Excel e Word desde jovem, o que facilitou uma adaptação rápida e manteve minha produtividade. As principais dificuldades ocorreram em casa, onde precisei adaptar meu espaço de trabalho para garantir foco e comunicar aos familiares sobre horários de reuniões, ajustando a rotina doméstica para conciliar com as demandas profissionais.","Durante e após a pandemia, o trabalho remoto e as adaptações digitais impactaram significativamente meu equilíbrio entre vida pessoal e profissional, já que o trabalho passou a ocupar um espaço físico e mental dentro de casa. A proximidade entre os ambientes pessoal e profissional trouxe desafios psicológicos, como a dificuldade de ""desligar"" do trabalho, mas criar um canto dedicado exclusivamente para as atividades profissionais ajudou a estabelecer limites claros, facilitando a separação entre as esferas pessoal e laboral. A familiaridade com ferramentas digitais como Teams, Excel e Word permitiu uma transição fluida para o remoto, mas o maior desafio foi gerenciar mentalmente a integração do trabalho na rotina doméstica, exigindo disciplina para manter o equilíbrio.","O aumento da cobrança por resultados no trabalho remoto impactou significativamente minha saúde física e rotina, já que a expectativa de entregar mais de 100% no ambiente online eliminou pausas reais, como a hora de almoço, que na prática não acontece. Antes, eu passava 9 horas no ambiente físico da empresa, mas agora trabalho cerca de 12 horas diárias em casa, o que, embora permita maior produtividade, gera desgaste físico e mental. As relações com a equipe também são afetadas, pois a pressão por resultados reduz interações mais colaborativas, tornando o trabalho mais solitário e focado em metas. Criar um espaço dedicado em casa ajudou a organizar a rotina, mas o desafio psicológico de equilibrar essa intensidade permanece.","A autonomia no meu trabalho remoto no Digio tem um impacto positivo na minha produtividade, pois me permite gerenciar minhas tarefas e horários com flexibilidade, o que aumenta minha motivação e eficiência.","o monitoramento digital, como o acompanhamento de atividades em plataformas de trabalho remoto, não é percebido como invasivo, mas a constante pressão por resultados eleva o estresse, especialmente porque a expectativa de estar sempre disponível online faz com que eu sinta minha privacidade reduzida. A necessidade de responder rapidamente a demandas, somada às longas jornadas de cerca de 12 horas diárias, cria uma sensação de vigilância indireta, o que impacta minha saúde mental.","A pressão por adaptação a novas tecnologias tem impactado negativamente meu trabalho, pois a sensação de acordar já desatualizado gera ansiedade e torna o processo de aprendizado constante um desafio. Sinto que isso tem afetado meu desempenho no trabalho","N/A"
"2025/07/30 5:16:20 PM GMT-3","Geração X - De 41 a 56 anos","Masculino","Ensino fundamental completo","De 2 a 4 salários mínimos","Carapicuíba ","Depende da empresa, algumas empresas dispersam interesse em seus colaboradores com incentivos, mas atualmente está difícil encontrar uma boa empresa.","As plataformas digitais, facilitou muito a vida dos empresários e para alguns colaboradores o conforto de trabalhar em casa, mas as responsábilidade dos colaboradores aumentou, gastos com internet e outras coisas mais.","No meu caso ,não me afetou não trabalho com isso sou pedreiro.","Para quem trabalha com isso , acredito que sim.","Acredito que muitas pessoas ficaram estressadas","Nda","Nenhum problema com isso.","NDA."
"2025/07/30 8:39:17 PM GMT-3","Geração X - De 41 a 56 anos","Masculino","Graduação completa","De 1 a 2 salários mínimos","Carapicuíba S.P.","Sim, impacta na motivação e desenvolvimento profissional e pessoal dos colaboradores.","Pra mim almentou dificuldade, pois nao me identifiquei com essas plataformas digitais.","Na vida profissional não mudou em nada, pois meu trabalho não tem como ser remoto.","Infelizmente a cobrança por resultado independente remoto ou pessoal leva o indivíduo ao desequilíbrio emocional em muito caso dependende de remédio antidepressivo.","Muito estressante, prejudicial a saúde mental.","A capacidade continua a mesma, mas a saúde mental fica muito debilitada.","Tem afetado de modo positivo todas as tecnologias no trabalho tem objetivo de facilitar e agilizar a execução do serviço.","Desigualdade afeta o indivíduo no seu psicológico, assim radiando para falta de comprometimento, desinteresse e motivação profissional.profissional "
"2025/07/30 8:58:01 PM GMT-3","Geração X - De 41 a 56 anos","Feminino","Graduação completa","De 2 a 4 salários mínimos","São Paulo/Carapicuiba ","Incentivam os profissionais a se aperfeiçoarem cada vez mais, promovendo compettividade","Foi dificil acostumar com o uso das plataformas, pois minha geração não era muito adepta as tecnologias, hoje consigo usá-las, mas ainda com certas restrições. ","Foi um impacto muito grande, me ver sendo obrigada a adotar o trabalho remoto de um dia para o outro, ter que usar sites, plataformas que até então eram desconhecidos para mim, ter que trazer o serviço para dentro de casa, me sentia sufocada, sem sombras de dúvida prefiro o tradicional.","Nos primeiros dias de trabalho remoto, fiquei muito nervosa, perdia boites de sono, pois não me sentia segura em realizar o trabalho remotamente,,tive a ajuda do meu filho que me auxiliava qyando ficava perdida.","Nesse momento não impactam mais, já não estou remoto","É bem estranho se sentir viagiado o tempo todo, fico apreensiva com medo de cometer algo de errado e isso acaba gerando um estresse desnecessário. ","Agora ja vejo essas adaptações como necessárias para facilitar meu trabalho ","A falta de garantias gera muito estresse pois o trabalhador fica inseguro quanto ao seu futuro."
"2025/07/30 9:17:52 PM GMT-3","Geração X - De 41 a 56 anos","Feminino","Graduação completa","Acima de 10 salários mínimos","São Paulo ","Passa confiança e igualdade na avaliação","Entendo que as duas coisas. Equilibrar as atividades do trabalho x vida pessoal ","Controlar as horas dedicadas ao trabalho , mas por outro lado , foi possível realizar atividades pessoais com mais flexibilidade","Não tive esse caso.","Não tive esse cenario","Não tive esse cenario","Muito, são práticas depois que se adapta, mas no início toma tempo devido ao aprendizado levando a ansiedade pela dificuldade inicia ","Não entendi a pergunta"
"2025/07/30 10:18:18 PM GMT-3","Geração X - De 41 a 56 anos","Feminino","Pós-graduação completa","De 4 a 6 salários mínimos","Jandira","São cursos cuja formação  são extenuante pois estão relacionados ao programa de plataformas digitais com objetivos de dar conta de conteúdos deixando o trabalho do professor engessado.","O estabelecimento de metas a serem cumpridas para aplicar o material digital e novas imposições para aplicação, como a curadoria,  nos obriga  a ficar mais tempo em dar conta do material digital. Nesse sentido, recorremos aos finais de semana.","Nossa rotina foi totalmente afetada pelas aulas online, produção de conteúdo e o encargo das busca ativas. Era de nossa responsabilidade a presença do aluno. Ficamos a maior parte do nosso tempo envolvidos com produção e presença do aluno no classroom","Os conflitos gerados pelas contradições entre resultados e participação no trabalho remeto nos deixou apáticos pois não tivemos suporte para  resolver as implicações do sistema remoto e presença dos alunos. Nesse sentido, não só a saúde mental como o stress foi intensificado mas o físico como a obesidade.,","Durante e pos pandemia perdemos nossa liberdade de cátedra. Sabemos no custo para a qualidade de ensino e nos impactos a nossa saúde mental  gerado pela pressão por resultadoscátedra. Sabemos o custo  para a qualidade de ensino e no impacto a nossa saúde me tal","As preocupações em atender as demandas impostas pela secretaria da Educação provoca insônia e ansiedade pois nos faz sentir incapazes de resolver problemas relacionados a plataformas. Passamos a maior parte do nosso tempo dedicados à cumprir o programa das plataformas bem como monitorar o acessos dos alunos as plataformas. A cada ano ha um aumento no número de plataformas digitais tais como, Leia e redação, Speak, Khan Academy entre outras, aumenta a pressão de cobrança para os professores.  É humanamente impossível dar resultados positivos quando trabalhamos em um ambiente insalubre. As salas de aula são quentes sem ventilação,  falta material digital de qualidade para cumprir as demandas e isso aumenta nosso stress e ansiedade.","Estamos ja adaptados mas o custo em qualidade do trabalho resultou em desânimo e um profundo mal estar no trabalho,  pois os conflitos entre alunos, professores e gestão acirrou ainda mais.","Como ja foi descrito, o custo à  saúde mental e física decaiu a qualidade de ensino e tornando o ensino um desafio ou uma missão que nos desanima a cada dia. Nesse sentindo, nos tornamos apáticos e solitários no nosso trabalho. "
"2025/07/31 12:34:19 PM GMT-3","Geração Baby Boomers - Acima de 57 anos","Feminino","Pós-graduação completa","Acima de 10 salários mínimos","São Paulo ","Grandemente. Com planos claros e definidos as expectativas ficam explícitas. Apóiam as decisões de desenvolvimento pessoal ","Trabalho remoto desde o século passado. Com expectativas claras e responsabilidade eu sou bastante adepta ","Ganhei tempo. Menos deslocamento. Perdemos as interações pessoais o que nos obriga a buscar eventos, reuniões e ocasiões para encontrar pessoas. Eu gosto pois faz com que as pessoas tenham que aprender a buscar o que necessitam e entendo isto como positivo. ","Não afetou. Aprendi a lidar com isto ao atuar com equipes licaluzadas em diferentes países e a diversidade de culturas é muito interessante ","Não vejo desta forma. Desde que os entregáveis tenham data, prefiro a flexibilidade.","Não afeta","Eu sou adepta a novas Tecnologias e desafios. Não sinto pressão ","As pessoas devem ser tratadas como iguais, independente de gênero. Aprendi a buscar meus direitos nos anos 80 e aprendi bastante. Sempre tive equipes com diversidade desde os anos 90 e gosto muito dos diversos olhares e contribuições "
"2025/07/31 2:51:31 PM GMT-3","Geração Z - De 12 a 26 anos","Feminino","Técnico/Certificação profissional","Prefiro não informar","São Paulo/Carapicuíba ","Empresas que proproem objetivos e caminhos claros impactam diretamente na produtividade de seus colaboradores, resultado esse por se sentirem seguros e valorizados.","O uso de plataformas digitais passam a sensação do colaborador estar sempre disponível, resultante do estado ""online""; consequentemente chamados e novas exigências possuem chance de se acumularem e afetar a produtividade de um dia não planejado.","Toda adaptação requer tempo e disponibilidade; tempo foi um recurso necessário para que as novas exigências e experiências se estabelecessem como algo comum.","O aumento de cobrança alimenta um carácter autocrítico, de acordo do modo como é tratado, pode ser benéfico ou maléfico à saúde. Contudo, é indispensável ter para si que o bem feito entregue é melhor que o perfeito, que não existe, não entregue.","O controle exagerado atrapalham bastante, dá a sensação de desconfiança e tira a leveza do trabalho, afetando diretamente a produtividade, preocupando o colaborador em “parecer produtivo” do que em realmente focar nas tarefas.","O monitoramento digital não chega a atrapalhar diretamente, mas é possível que de vez em quando uma sensação de pressão pode se fazer presente. Saber que está sendo observado o tempo todo pode tirar um pouco o foco do trabalho.","A pressão por se adaptar às novas tecnologias afeta tanto a produtividade quanto o emocional. Nem sempre há tempo ou apoio suficiente pra aprender direito, e isso gera insegurança e medo de errar. Tornando a experiência de aprender algo novo maçante, inconsciente desmotivando seu cérebro. Em situações mais extremas generalizando todo o aprendizado como algo custoso e pouco benéfico.","Desigualdades causam pressões psicológicas que afetam diretamente a maneira como a pessoa se porta na meio, muitas vezes tentando provar algo que não necessariamente precisava ou até mesmo fingindo ser quem não é."
"2025/07/31 4:16:53 PM GMT-3","Geração X - De 41 a 56 anos","Feminino","Técnico/Certificação profissional","De 2 a 4 salários mínimos","SP /Carapicuíba ","Estimulando,o incentivo é ótimo, a tendência é ter profissionais mais dedicados","Aumentou as responsabilidades, tive que ir aprendendo tudo o que não sabia para poder me adequar a realidade atual  ","Como muita coisa começou a ser resolvido só de forma remota,me senti um pouco frustada por não ter tanta habilidade só de modo remoto,tive um pouco de dificuldade ","Um pouco de ansiedade ","Um pouco de preocupação e ansiedade por querer dar conta e não ter muita habilidade ","Um pouco de estresse e a privacidade um pouco reduzida ","Me vejo na busca por aprender o mais rápido possível para me adequar ","Muito estressante "
"2025/07/31 10:02:03 PM GMT-3","Geração Y (millennials) - De 27 a 40 anos","Masculino","Ensino médio incompleto","De 1 a 2 salários mínimos","Barueri -sp","Um plano de carreira bem definido oferece aos colaboradores uma visão clara das oportunidades de crescimento dentro da empresa.","No meu caso reduziu distâncias, economizou meu  tempo e aumentou a minha produtividade.. ","De forma positiva, consegui me adaptar com a mudança rapidamente e gostei bastante da mudança.","Tudo positivamente, ficou até melhor e mais produtivo. ","Esse ambiente misto leva ao aumento da carga mental e física, afetando a qualidade do sono e o equilíbrio emocional.","Não, pois o que precisamos fazer com a ferramenta remota, não precisamos se expor.. (só quando a reuniões, mas isso é normal).","De forma positiva pois me dedico sempre para aprender mais e conseguir resolver os problemas que encontro.","Não afetam. "
"2025/08/01 9:39:56 AM GMT-3","Geração X - De 41 a 56 anos","Feminino","Ensino fundamental completo","De 1 a 2 salários mínimos","Carapicuíba são Paulo ","Muito","Tranquilo ","Não ","Não ","Não ","Não ","Não, faço o que posso","Não "
"2025/08/01 12:22:12 PM GMT-3","Geração Baby Boomers - Acima de 57 anos","Feminino","Ensino fundamental incompleto","De 1 a 2 salários mínimos","São Paulo/Carapicuíba ","São ótimas iniciativas, desde que não sejam usadas como instrumentos de cobrança ","Apesar de aumentarem minhas responsabilidades, eu consegui equilibrar minha rotina","As adaptações necessárias não afetaram tanto a minha rotina","Minha rotina ficou apertada por conta da correria para entrega das demandas","Tudo ficou corrido, mas consegui separar o tempo para cuidar de ambas as coisas","O monitoramento excessivo é algo muito estressante e motivo de brigas entre os colaboradores","Fica difícil trabalhar com brigas diárias por conta de adaptação ","Não costuma impactar muito desde que seja conversado antes com os patrões "
"2025/08/02 12:33:49 PM GMT-3","Geração X - De 41 a 56 anos","Feminino","Graduação incompleta","De 4 a 6 salários mínimos","São Paulo","Na saúde física, mental e econômica.","Deu uma bagunçada na rotina.","Restritos ao convivio social.","Afetou na restrições.","Afetou muito por que acaba aumentando o tempo de trabalho. ","Isso é bem claro na busca de terapia.","Exaustão","Deixa ainda mais inseguro."
"2025/08/03 5:28:31 AM GMT-3","Geração X - De 41 a 56 anos","Feminino","Ensino médio completo","Até 1 salário mínimo","Carapicuíba São Paulo ","Boa","Eu não entendo isso ","Estava afastada do trabalho ","Sim","Sim","Sim","Sim","Sim"
"2025/08/03 5:33:20 AM GMT-3","Geração X - De 41 a 56 anos","Feminino","Ensino médio completo","Até 1 salário mínimo","Carapicuíba São Paulo ","Ruim","Dificuldade ","Péssimo ","Sim","Sim","Sim","Sim","Sim"
"2025/08/04 11:00:20 AM GMT-3","Geração Baby Boomers - Acima de 57 anos","Masculino","Pós-graduação completa","Prefiro não informar","São Paulo","Planos de formação e carreira estruturados dão uma certa segurança e boas expectativas aos colaboradores porque mostrar que existe uma estratégia de relacionamento de longo prazo para o desenvolvimento e relacionamento dos colaboradores.","Trabalho remoto, trouxe mais flexibilidade, mas também permitiu uma dedicação maior a empresa, principalmente em cargos de liderança que não tem horário fixo de trabalho. Facitiou o relacionamento com a família e economizou tempo e stress perdidos no deslocamento até a empresa. Exigiu mais disciplina e negociação com a família sobre a sua disponibilidade. Dificultou a comunicação, por isso vejo a importância de estar com os colegas de trabalho na empresa pessoalmente todas as semanas. Resumindo acho que o formato hibrido é bom, depeendento da atividades profissional. Quem trabalha por projetos pode ficar a maior parte do tempo remoto, mas quem cuida de operações devem estar na empresa na maior parte do seu tempo.","Positivamente por estar mais perto de família e reconomizar muito tempo e dinheiro no deslocamento até a empresa. Negativamente na comunicação e proximidade com os colegas de trabalho devido a distância, apesar dos meiors de comunicação terem se desenvolvido. O Comprometimento com os trabalhos e projetos acredito que foi prejudicado nesse preríodo.","Pelas dificuldades de comunicação remota, fala olho no olho eu acredito que traz mais comprometimento com metas e objetivos, aproxima as pessoas e cria mais sinergia nas equipes. Para os gestores o relacionamento remoto dificulta a comunicação, pois depende de muita disciplina, o que não é muito valorizada na cultura brasileira.","Trabalho remoto não combina com falta de autonomia e controle, pela distância, quem trabalho por projetos, será produtivo nesse formato, mas quem cuidade de operações ou serviços críticos precisa estar na empresa, porque em caso de emergências as pessoas precisam se reunir rapidamente e compartilhar informações, buscar soluções em grupo. Então acho que a produtividade melhora em projetos e piora em operações, daí a saúde mental dos colaboradores é afetada da mesma forma, principalmente para os líderes e gestores que devem gerenciar essas dificuldades e entregar os resultados.","não temos monitoramente digital, veja que algumas empresas tentam controlar o tempo em que o colaborador fica conectado na rede da empresa, mas isso não necessariamente é um fator de produtividade na minha opinião.","Pressão por adoção de novas tecnologia preocupa quando a ação é um decisão centralizada e as pessoas estão trabalhando remotamente, porque o gerenciamento e capacitação é  mais difícil nesses casos. A adoção de novas tecnologia sempre existiu nas empresas mas hoje está mais rápida do que a 10 anos atrás e por isso a capacitação e apoio aos colaboradores é mais complexa e exige mais investimento e dedicação dos gestores.","O apoio da empresa para licenças de saúde é fundamental para a unidade da equipe, porque traz confiança e mostra ao colaboradora que ele terá apoio da empresa em caso de dificuldades. Os problemas de saúde podem trazer ausência, mas as pessoas continuam parte da equipe. Desigualdades trazem dificuldades de gestão porque o valor das pessoas está no seu conhecimento e habilidades para desempenhar suas funções então se a empresa não tem estratégias para eliminar essas diferenças os líderes enfrentam dificuldades na sua gestão e na produtividade das suas equipes."
"2025/08/04 4:11:16 PM GMT-3","Geração Y (millennials) - De 27 a 40 anos","Masculino","Pós-graduação completa","Acima de 10 salários mínimos","Osasco/SP","Através de planos de desenvolvimento individuais, gestão de competências e planos de tuition. ","O impacto não chegou a ser positivo. Talvez para o colaborar, este modelo tenha gerado oportunidades de conciliar o trabalho com outras atividades, para a empresa, um impacto grande foi sentido na cultura da empresa, já que o convívio no escritório foi praticamente perdido. ","Não afetou. Me adaptei muito bem ao modelo hibrido. COmeço a produzir mais cedo, termino em um horário que permite ter outras atividades. Não perco mais tempo no transito, por exemplo. ","Como um profissional de vendas, não tive mudanças neste sentido.","Não tenho está situação. Como líder, minha gestão com a equipe passa por indicadores de resultados. ","Não passo por essa situação.","Não existe esta pressão. ","Pessoalmente, nunca passei por tal situação. Com minha equipe, sou completamente compreensivo que não somos maquinas e em tudo, precisamos buscar o equilíbrio. Busco fornecer para o meu time conversas e feedbacks para entender rapidamente como podemos ajustar e melhorar a maneira como trabalhamos. "
"2025/08/08 10:36:38 PM GMT-3","Geração Baby Boomers - Acima de 57 anos","Feminino","Graduação completa","De 4 a 6 salários mínimos","Barueri SP","Habilitando-os com meios mais atuais as necessidades da empresa e sua evolução! ","Ajudou a ter mais conhecimento não percebidos antes ; tbm uma rotina ampla com mais aproveitamento no decorrer do dia !    mais ","Preocupante no início, porém tudo se adapta e aos poucos vem a criatividade não imaginada antes !!! Esse foi um ponto muito positivo !!! ","Fiquei preocupada, porém me segurei na FÉ e fiz com atenção e carinho, sobre a responsabilidade do trabalho a ser realizado e concluído com aprovação !!! !!! ","Fico muito nervosa antes... Depois aos poucos com a nova prática, técnica, responsabilidade... vão evoluindo, me acalmou e sigo em frente !!! Amém... 🙏🏻","Procuro me controlar diariamente, para que nada né afete emocionante, ... Porém, tenho chá calmante e isso ajuda muito !!! Tbm, tendo diálogo franco com profissionais amigos da área, procurando em conjunto resolver o serviço perfeito no dia !!! ","Primeiro fico nervosa e temerosa; depois me acalmou com a prática e muito diálogo com amigos profissionais!!! ","Procuro não deixar isso me abater... Porque não ajudará em nada, só irá piorar meu emocional e isso não é atitude adulta e de responsabilidade... Penso no meu futuro, rezo, tenho fé, pensamentos positivos, procuro fazer o melhor de mim no trabalho a ser realizado e sigo em frente !!! Amém... 🙏🏻"
"2025/08/08 10:52:55 PM GMT-3","Geração Baby Boomers - Acima de 57 anos","Feminino","Graduação completa","De 4 a 6 salários mínimos","Osasco,SP","Através do desenvolvimento social","Influenciou muito no dia a dia","Afetaram emocionalmente","Afetou negativamente","Me deixam estressadas","Minha rotina mudou","Dificuldade em acompanhar","Me deixam angustiada"
"2025/08/08 11:14:13 PM GMT-3","Geração X - De 41 a 56 anos","Feminino","Graduação completa","De 1 a 2 salários mínimos","Barueri SP ","Diretamente, pois estamos sempre ligados a produtos e serviços de outros setores ","Aumento de responsabilidades, pois precisamos estar atentos a todo momento, e as vezes não desconectamos nem no momento de descanso. Tudo se tornou muito digital e automático, dificultando o convívio em outros campos, como familiares ","Afetaram muito, pela falta de convivência presencial com o mundo real","Excessivamente exaustivo psicologicamente ","Diretamente afetados, pois a tecnologia ajuda por um lado e atrapalha por outro. Ficamos em um único mundinho e não estamos mais aptos a convivências","Aumenta muito o stress, pois sempre somos cobrados pelos clientes, em estar antenado e atualizado as exigências digitais, isso esgota.","Tem que administrar essa pressão, mas nem sempre conseguimos, pois as empresas são constantemente comparadas umas com as outras, a impressão que dá, que só tem sucesso quem está 100%, nas redes sociais 24 horas por dia.","Afetam diretamente , pois pensamos que isso pode atingir a um maior número de pessoas no futuro e até chegamos a nos incluir, preocupação com o futuro."
"2025/08/08 11:31:09 PM GMT-3","Geração Baby Boomers - Acima de 57 anos","Feminino","Pós-graduação completa","De 4 a 6 salários mínimos","São Paulo/ Barueri ","Onde ela trabalha não tem plano de carreira ","O trabalho remoto exige maior dedicação, mais tempo de trabalho, e muitas empresas não auxiliam o funcionário com relação a gastos como: eletricidade e internet.","Não me afetaram diretamente já que estou aposentada","Vejo isso acontecer com minha filha, trabalha demais, fica muitas horas no computador i","O excesso de trabalho não deixa a pessoa ter uma vida saudável ","Agora ela já está lidando melhor com a situação, mas tenho que estar sempre cobrando seu descanso ","No início foi pior, agora ela tem conseguido adaptar seu trabalho e sua diversão ela é","O trabalho remoto as vezes leva a um cansaço mental extremo, mas ela prefere o trabalho em casa devido a não ter que ficar longos tempos em condução "
"2025/08/08 11:41:58 PM GMT-3","Geração Baby Boomers - Acima de 57 anos","Feminino","Graduação completa","Prefiro não informar","Carapicuiba SP","É muito importante ajudar os seus colaboradores ","O trabalho remoto foi uma das melhores coisas","Foi um ajuste perfeito  entre família e trabalho","Não atrapalhou em nada!! Pelo contrário só melhorou","Lógico que sem excesso, embora em casa, seguindo horários definidos ","Desde que controlado  tudo certo.","Com formações periódicas  tudo se encaminha","No caso fazendo um trabalho bem feito e guardando  dinheiro para uma previdência fica um pouco msis garantido "
"2025/08/08 11:58:57 PM GMT-3","Geração X - De 41 a 56 anos","Feminino","Graduação completa","De 4 a 6 salários mínimos","São Paulo,  Barueri ","Esperança de crescimento profissional e financeiro ","Praticidade é  fato , afasta as pessoas...acaba empatia","Afastada dis amigos ...gosto do contato humano","Befaruvo semcemparia, só pensando em cumorir meta ","As pessoas ficam desiquilibradas","Ausa ansiedade e pânico ","Insegurança de não conseguir  ou fazer algo errado,  ","Claro...nao3tem segurança em situações de ocorrencias ou fatalidades "
"2025/08/09 8:26:53 AM GMT-3","Geração Z - De 12 a 26 anos","Feminino","Graduação incompleta","Até 1 salário mínimo","Barueri/São Paulo ","Nao compreendi bem sua questão, mas penso que muitos planos de carreira e as formas de ganhar promoções ofertadas são modelos antigos que exigem trabalhos extras, disputas e concorrência interna, dedicação exclusiva ao trabalho e desgaste da vida pessoal, e tudo isso em vista de uma idealizada visão de estabilidade profisssional e padrões de vida (pautadas em consumismo), e para mim não vale a pena a longo prazo entrar em empresas com semelhantes ofertas.","Sim, tornaram frias as relações, geram ansiedade em reuniões e as vezes é uma perda do tempo produtivo que terá que ser reposta","Nao trabalhei remotamente durante a pandemia","As relações se fragmentaram e enfraqueceram","Quanto a entregas de resultados, há sensação de vigilância.","Não ha monitoramento por câmera no meu trabalho ","Gera estresse e frustração, e sensação de que ficarei para trás ","Quanto a gênero não tenho o que reclamar mas quanto a garantias trabalhistas, é uma insegurança e sentimento de exploração e perda de direitos fundamentais "
"2025/08/09 8:39:20 AM GMT-3","Geração Baby Boomers - Acima de 57 anos","Feminino","Pós-graduação completa","Acima de 10 salários mínimos","São Paulo/Barueri ","Atual como ferramentas positivas ","No período da pandemia foi muito útil, viabilizando nosso trabalho. Hoje atual como auxilio no trabalho presencial.","Foram de grande valia.","Não vivenciamos grandes cobranças a fim de afetar a saúde ou relacionamento com a equipe.","Não tenho esse impacto na minha produtividade.","Nada excessivo a ponto de de afetar negativamente.","Somos sempre treinados para utilizar as tecnologias sem que isso afete meu trabalho.","Temos boas condições de trabalho onde não vivenciamos de forma negativa essas condições."
"2025/08/09 9:21:33 AM GMT-3","Geração Y (millennials) - De 27 a 40 anos","Feminino","Ensino médio completo","De 1 a 2 salários mínimos","Carapicuíba ","traz segurança ","facilitou minha vida","trouxe novos desafios e oportunidades ","eu não tive isso","não trabalhei remoto","não se aplica","trouxe oportunidades ","não tive essas dificuldades"
"2025/08/09 10:41:12 AM GMT-3","Geração Y (millennials) - De 27 a 40 anos","Feminino","Pós-graduação completa","De 2 a 4 salários mínimos","São Paulo ","Uma empresa com plano de carreira e estruturação para crescimento faz com que o profissional mantenha-se motivado.","O ponto positivo foi menos tempo no trânsito e possibilidade de ter maior contato com a família.Ponto negativo é que acaba que não há limites de horário e você pode acabar trabalhando mais. ","Desequilibravam um pouco.","A cobrança por resultados é maior no trabalho remoto. ","A saúde mental fica prejudicada devido a alta performance que é cobrada no trabalho remoto. Por ser remoto você se sente na obrigação de “compensar” e acaba muitas vezes excedendo o horário.","Não ","Afeta um pouco pois sempre precisamos nos adaptar a um novo sistema, mas muitas vezes as novas tecnologias são positivas para o processo.","-"